Model,Accuracy
Logistic Regression,0.9912280701754386
Decision Tree,0.9473684210526315
KNN,0.9473684210526315
SVM,0.9736842105263158
